,column_name,type_of_data,type_of_string,avg_length_of_field,var_length,std_dev_length,ratio_white_space_length,ratio_num_val,min_val(int),max_val(int),avg(int),variance,std_dev
0,00-avengers-id,1.0,0.0,0.0,0.0,0.0,0.0,0.0,0.0,0.0,0.0,0.0,0.0
1,00-avengers-name,0.5,0.0,0.0,0.0,0.0,0.0,0.0,0.0,0.0,0.0,0.0,0.0
2,00-avengers-address,0.5,0.0,0.0,0.0,0.0,0.0,0.0,0.0,0.0,0.0,0.0,0.0
3,00-avengers-nation,0.0,1.0,0.4809346728090137,5.154795307205809e-05,0.007179690318673785,0.0,1.0,0.0,0.0,0.0,0.0,0.0
4,00-avengers-hhid,0.0,1.0,0.5182882832880058,0.0,0.0,0.0,0.8434660804264525,0.0,0.0,0.0,0.0,0.0
5,00-avengers-industry,0.0,1.0,1.0,0.9999999999999999,0.9999999999999999,1.0,0.0,0.0,0.0,0.0,0.0,0.0
6,00-avengers-sic_code,0.5,0.0,0.0,0.0,0.0,0.0,0.0,0.0,0.0,0.0,0.0,0.0
7,00-avengers-type,0.0,1.0,0.4132208469778542,0.0017886518656328595,0.04229245636792523,0.04205841446453408,0.0,0.0,0.0,0.0,0.0,0.0
8,00-avengers-est_of_ownership,0.5,0.0,0.0,0.0,0.0,0.0,0.0,1.0,1.0,1.0,1.0,1.0
