,column_name,type_of_data,type_of_string,avg_length_of_field,var_length,std_dev_length,ratio_white_space_length,ratio_num_val,min_val(int),max_val(int),avg(int),variance,std_dev
0,00-avengers-id,2,0,0.0,0.0,0.0,0.0,0.0,0,0,0.0,0.0,0.0
1,00-avengers-name,1,0,0.0,0.0,0.0,0.0,0.0,0,0,0.0,0.0,0.0
2,00-avengers-address,1,0,0.0,0.0,0.0,0.0,0.0,0,0,0.0,0.0,0.0
3,00-avengers-nation,0,5,12.991004497751124,0.017936977457217333,0.13392900155387305,0.0,0.8468458078653025,0,0,0.0,0.0,0.0
4,00-avengers-hhid,0,5,14.0,0.0,0.0,0.0,0.7142857142857194,0,0,0.0,0.0,0.0
5,00-avengers-industry,0,5,27.011994002998502,347.96682289485886,18.65386884522508,0.06416434639822946,0.0,0,0,0.0,0.0,0.0
6,00-avengers-sic_code,1,0,0.0,0.0,0.0,0.0,0.0,0,0,0.0,0.0,0.0
7,00-avengers-type,0,5,11.16191904047976,0.6223915069492282,0.7889179342296816,0.002698650674662669,0.0,0,0,0.0,0.0,0.0
8,00-avengers-est_of_ownership,1,0,0.0,0.0,0.0,0.0,0.0,1472,2022,1979.527736131934,1429.7901454678067,37.81256597307047
