,column_name,type_of_data,type_of_string,avg_length_of_field,var_length,std_dev_length,ratio_white_space_length,ratio_num_val,min_val(int),max_val(int),avg(int),variance,std_dev
0,00-avengers_id,0,4,32.0,0.0,0.0,0.0,0.6290760869565217,0,0,0.0,0.0,0.0
1,00-avengers_name,0,4,21.08695652173913,150.25068546807677,12.257678632925435,0.1147237417409876,0.0024534889989933366,0,0,0.0,0.0,0.0
2,00-avengers_address,0,4,53.373313343328334,57.81988735362049,7.603938936736702,0.13361095868068976,0.13062634826973568,0,0,0.0,0.0,0.0
3,00-avengers_nation,0,4,12.991004497751124,0.017936977457217333,0.13392900155387305,0.0,0.8468458078653025,0,0,0.0,0.0,0.0
4,00-avengers_hhid,0,4,14.0,0.0,0.0,0.0,0.7142857142857194,0,0,0.0,0.0,0.0
5,00-avengers_industry,0,4,27.011994002998502,347.96682289485886,18.65386884522508,0.06416434639822946,0.0,0,0,0.0,0.0,0.0
6,00-avengers_sic_code,0,4,27.99400299850075,36.84681082881983,6.070157397367866,0.09174064422408246,0.14938943567837082,0,0,0.0,0.0,0.0
7,00-avengers_type,0,4,11.16191904047976,0.6223915069492282,0.7889179342296816,0.002698650674662669,0.0,0,0,0.0,0.0,0.0
8,00-avengers_est_of_ownership,1,0,0.0,0.0,0.0,0.0,0.0,1472,2022,1979.527736131934,1429.7901454678067,37.81256597307047
