,founded,industry,locations,name,size,website
founded,0.0,0.14285714285714285,0.125,0.16666666666666666,0.16666666666666666,0.14285714285714285
industry,0.14285714285714285,0.0,0.1111111111111111,0.14285714285714285,0.14285714285714285,0.14285714285714285
locations,0.125,0.1111111111111111,0.0,0.125,0.125,0.125
name,0.16666666666666666,0.14285714285714285,0.125,0.0,0.3333333333333333,0.16666666666666666
size,0.16666666666666666,0.14285714285714285,0.125,0.3333333333333333,0.0,0.25
website,0.14285714285714285,0.14285714285714285,0.125,0.16666666666666666,0.25,0.0
