,column_name,type_of_data,type_of_string,avg_length_of_field,var_length,std_dev_length,ratio_white_space_length,ratio_num_val,min_val(int),max_val(int),avg(int),variance,std_dev,cluster
0,06-MarScoToc-name,0.0,0.0,0.6137182700799069,0.9105968100804279,0.9491114676420894,0.3941883105070458,0.004325507333177843,0.0,0.0,0.0,0.0,0.0,4
1,06-MarScoToc-industry,0.0,0.0,0.5108403657127403,0.7277506414509267,0.8367032922456734,0.33275121118874573,0.0,0.0,0.0,0.0,0.0,0.0,0
2,06-MarScoToc-headquarter,0.0,0.0,1.0,0.9999999999999999,1.0,0.4613284751299989,0.00017391828111843103,0.0,0.0,0.0,0.0,0.0,3
3,06-MarScoToc-ownership,0.0,0.0,0.0,0.0,0.0,0.0,0.0,0.0,0.0,0.0,0.0,0.0,2
4,06-MarScoToc-foundation_year,0.0,0.0,0.5944213504323004,0.09681707292216699,0.24385286625198313,0.9999999999999999,1.0,0.0,0.0,0.0,0.0,0.0,1
