,column_name,type_of_data,type_of_string,avg_length_of_field,var_length,std_dev_length,ratio_white_space_length,ratio_num_val,min_val(int),max_val(int),avg(int),variance,std_dev
0,06-MarScoToc-name,0.0,1.0,1.0,1.0,1.0,1.0,0.9999999999999999,0.0,0.0,0.0,0.0,0.0
1,06-MarScoToc-industry,0.0,1.0,0.8974463340180142,0.8019993395836849,0.8955441583661214,0.8444892977385603,0.0,0.0,0.0,0.0,0.0,0.0
2,06-MarScoToc-headquarter,1.0,0.0,0.0,0.0,0.0,0.0,0.0,0.0,0.0,0.0,0.0,0.0
3,06-MarScoToc-ownership,0.0,1.0,0.38821597442157996,0.01393192364751335,0.11803357000240801,0.002223385049336441,0.0,0.0,0.0,0.0,0.0,0.0
4,06-MarScoToc-foundation_year,1.0,0.0,0.0,0.0,0.0,0.0,0.0,0.0,1.0,1.0,1.0,1.0
