,column_name,type_of_data,type_of_string,avg_length_of_field,var_length,std_dev_length,ratio_white_space_length,ratio_num_val,min_val(int),max_val(int),avg(int),variance,std_dev,cluster
0,01-DDD-name,0.0,0.0,0.9675628678437667,0.7899074452697407,0.8887673741028868,0.5880202553977311,0.002276922797610547,0.0,0.0,0.0,0.0,0.0,2
1,01-DDD-website,0.0,0.0,0.7574237560192616,0.28045319173101263,0.52957831501206,0.0009174374750996933,0.0027058944330566968,0.0,0.0,0.0,0.0,0.0,0
2,01-DDD-locations,0.0,0.0,0.6245987158908508,0.20335176862233922,0.4509454164556274,0.778273656378141,0.0,0.0,0.0,0.0,0.0,0.0,3
3,01-DDD-size,0.0,0.0,1.0,0.1268214067767298,0.3561199331359167,1.0,0.2781990372582431,0.0,0.0,0.0,0.0,0.0,3
4,01-DDD-industry,0.0,0.0,0.9382691278758695,0.9999999999999999,0.9999999999999999,0.4357544312472423,0.0,0.0,0.0,0.0,0.0,0.0,2
5,01-DDD-founded,0.0,0.0,0.0,0.0,0.0,0.0,1.0,0.0,0.0,0.0,0.0,0.0,1
