,column_name,type_of_data,type_of_string,avg_length_of_field,var_length,std_dev_length,ratio_white_space_length,ratio_num_val,min_val(int),max_val(int),avg(int),variance,std_dev
0,01-DDD-name,1,0,0.0,0.0,0.0,0.0,0.0,0,0,0,0,0
1,01-DDD-website,0,5,15.971458773784356,17.354740091949395,4.165902074215067,0.00012436264146250465,0.002700173726010065,0,0,0,0,0
2,01-DDD-locations,1,0,0.0,0.0,0.0,0.0,0.0,0,0,0,0,0
3,01-DDD-size,1,0,0.0,0.0,0.0,0.0,0.0,0,0,0,0,0
4,01-DDD-industry,0,5,18.82980972515856,61.88105752989474,7.866451393728607,0.059068409095682194,0.0,0,0,0,0,0
5,01-DDD-founded,0,5,4.0,0.0,0.0,0.0,0.9978858350951374,0,0,0,0,0
