,column_name,type_of_data,type_of_string,avg_length_of_field,var_length,std_dev_length,ratio_white_space_length,ratio_num_val,min_val(int),max_val(int),avg(int),variance,std_dev
0,01-DDD-name,1.0,0.0,0.0,0.0,0.0,0.0,0.0,0.0,0.0,0.0,0.0,0.0
1,01-DDD-website,0.0,1.0,0.8482007522595858,0.28045319173101263,0.52957831501206,0.002105400219278893,0.0027058944330566968,0.0,0.0,0.0,0.0,0.0
2,01-DDD-locations,1.0,0.0,0.0,0.0,0.0,0.0,0.0,0.0,0.0,0.0,0.0,0.0
3,01-DDD-size,1.0,0.0,0.0,0.0,0.0,0.0,0.0,0.0,0.0,0.0,0.0,0.0
4,01-DDD-industry,0.0,1.0,1.0,0.9999999999999999,0.9999999999999999,1.0,0.0,0.0,0.0,0.0,0.0,0.0
5,01-DDD-founded,0.0,1.0,0.21242912479649695,0.0,0.0,0.0,1.0,0.0,0.0,0.0,0.0,0.0
